Index,Pads,Color,Eggs,Ycoord,Xcoord ,Demog 
281,FAINT,DY,N,4121162,363855,M
394,N,DY,N,4117195,365085,S
374,N,G,N,4117850,365028,S
464,N,GY,N,4117855,365029,S
419,N,DY,N,4117860,365099,S
426,N,GY,N,4117863,365030,S
319,N,G,N,4117864,365037,S
331,N,G,N,4117864,365047,S
381,N,G,N,4117864,365047,S
382,N,GY,N,4117864,365047,S
320,N,GY,N,4117866,365045,S
429,N,G,N,4117868,365039,S
333,N,GY,N,4117868,365055,S
291,N,G,N,4117869,365027,S
385,N,DY,N,4117873,365041,S
472,N,GY,N,4117875,365061,S
296,N,G,N,4117875,365066,S
292,N,G,N,4117877,365030,S
325,N,DY,N,4117877,365034,S
337,N,GY,N,4117877,365064,S
433,N,DY,N,4117878,365029,S
338,N,G,N,4117878,365062,S
448,N,G,N,4117878,365077,S
363,N,GY,N,4117880,365073,S
428,N,DY,N,4117881,365039,S
335,N,GY,N,4117883,365056,S
390,N,DY,N,4117883,365068,S
361,N,DY,N,4117884,365061,S
463,N,GY,N,4117885,365028,S
380,N,G,N,4117885,365049,S
455,N,GY,N,4117886,365103,S
406,N,DY,N,4117886,365120,S
298,N,G,N,4117887,365059,S
339,N,GY,N,4117887,365076,S
348,N,GY,N,4117887,365076,S
313,N,GY,N,4117888,365013,S
314,N,GY,N,4117888,365019,S
318,N,GY,N,4117888,365027,S
330,N,G,N,4117888,365044,S
396,N,Y,N,4117888,365068,S
397,N,GY,N,4117888,365068,S
442,N,DY,N,4117888,365084,S
326,N,DY,N,4117889,365012,S
434,N,DY,N,4117889,365051,S
443,N,G,N,4117889,365069,S
403,N,GY,N,4117890,365070,S
404,N,GY,N,4117890,365070,S
327,N,G,N,4117891,365032,S
293,N,G,N,4117891,365034,S
435,N,G,N,4117891,365048,S
436,N,GY,N,4117891,365048,S
357,N,GY,N,4117891,365055,S
453,N,GY,N,4117891,365100,S
321,N,GY,N,4117892,365025,S
329,N,GY,N,4117892,365053,S
343,N,G,N,4117893,365048,S
364,N,G,N,4117893,365098,S
322,N,GY,N,4117894,365017,S
386,N,GY,N,4117894,365052,S
389,N,GY,N,4117894,365069,S
336,N,GY,N,4117895,365054,S
316,N,G,N,4117896,365011,S
341,N,GY,N,4117896,365052,S
342,N,G,N,4117896,365052,S
302,N,G,N,4117896,365074,S
323,N,G,N,4117897,365018,S
377,N,GY,N,4117897,365036,S
332,N,G,N,4117898,365036,S
375,N,DY,N,4117898,365042,S
470,N,GY,N,4117898,365053,S
471,N,GY,N,4117898,365053,S
398,N,GY,N,4117898,365066,S
441,N,GY,N,4117898,365067,S
456,N,DY,N,4117898,365106,S
299,N,G,N,4117899,365067,S
469,N,GY,N,4117900,365046,S
379,N,GY,N,4117901,365044,S
317,N,G,N,4117902,365019,S
295,N,G,N,4117902,365040,S
359,N,DY,N,4117902,365065,S
303,N,G,N,4117902,365092,S
309,N,G,N,4117902,365114,S
310,N,G,N,4117902,365114,S
315,N,DY,N,4117903,364996,S
383,N,GY,N,4117903,365049,S
384,N,DY,N,4117903,365049,S
354,N,GY,N,4117904,365070,S
445,N,G,N,4117904,365083,S
437,N,DY,N,4117905,365045,S
468,N,GY,N,4117905,365048,S
392,N,GY,N,4117906,365073,S
393,N,GY,N,4117906,365073,S
481,N,GY,N,4117906,365084,S
486,N,GY,N,4117906,365088,S
412,N,DY,N,4117907,365110,S
444,N,DY,N,4117908,365069,S
402,N,GY,N,4117908,365076,S
465,N,DY,N,4117909,365027,S
500,N,GY,N,4117910,365067,S
304,N,G,N,4117910,365089,S
301,N,G,N,4117911,365061,S
405,N,GY,N,4117911,365109,S
431,N,GY,N,4117912,365043,S
362,N,GY,N,4117912,365055,S
297,N,G,N,4117912,365065,S
358,N,DY,N,4117912,365074,S
347,N,GY,N,4117913,365057,S
352,N,GY,N,4117913,365075,S
307,N,G,N,4117913,365100,S
294,N,G,N,4117914,365043,S
349,N,GY,N,4117914,365054,S
387,N,DY,N,4117916,365061,S
447,N,DY,N,4117916,365081,S
306,N,GY,N,4117916,365113,S
344,N,GY,N,4117917,365044,S
345,N,GY,N,4117917,365044,S
479,N,GY,N,4117917,365075,S
450,N,GY,N,4117917,365077,S
360,N,DY,N,4117918,365044,S
439,N,G,N,4117918,365049,S
487,N,Y,N,4117918,365100,S
488,N,GY,N,4117918,365100,S
300,N,G,N,4117919,365052,S
350,N,GY,N,4117920,365055,S
351,N,G,N,4117920,365055,S
395,N,G,N,4117921,365079,S
480,N,GY,N,4117922,365074,S
305,N,GY,N,4117922,365077,S
399,N,GY,N,4117922,365082,S
400,N,GY,N,4117922,365082,S
458,N,G,N,4117923,365088,S
407,N,GY,N,4117923,365108,S
408,N,DY,N,4117923,365108,S
409,N,GY,N,4117923,365108,S
460,N,GY,N,4117924,365100,S
489,N,G,N,4117926,365102,S
365,N,Y,N,4117927,365100,S
413,N,G,N,4117927,365100,S
414,N,GY,N,4117927,365100,S
499,N,GY,N,4117928,365026,S
440,N,G,N,4117928,365053,S
451,N,Y,N,4117930,365099,S
420,N,GY,N,4117932,365105,S
421,N,DY,N,4117933,365110,S
366,N,GY,N,4117935,365101,S
491,N,GY,N,4117936,365111,S
452,N,DY,N,4117938,365055,S
311,N,G,N,4117938,365093,S
415,N,GY,N,4117940,365116,S
416,N,GY,N,4117940,365116,S
410,N,DY,N,4117945,365094,S
411,N,GY,N,4117945,365094,S
713,N,GY,N,4118873,367224,S
852,N,DY,N,4118875,367246,S
883,N,GY,N,4118885,367267,S
716,N,G,N,4118887,367257,S
777,N,G,N,4118887,367288,S
778,N,GY,N,4118887,367288,S
779,N,GY,N,4118887,367288,S
856,N,GY,N,4118887,367289,S
726,N,G,N,4118888,367277,S
720,N,G,N,4118889,367263,S
756,N,G,N,4118890,367245,S
813,N,GY,N,4118890,367264,S
759,N,DY,N,4118891,367262,S
868,N,DY,N,4118891,367299,S
809,N,GY,N,4118892,367245,S
715,N,GY,N,4118895,367250,S
851,N,GY,N,4118895,367263,S
879,N,G,N,4118897,367247,S
729,N,GY,N,4118898,367286,S
888,N,DY,N,4118898,367306,S
714,N,G,N,4118899,367242,S
727,N,DY,N,4118899,367286,S
771,N,DY,N,4118899,367261,S
774,N,GY,N,4118901,367297,S
784,N,G,N,4118902,367307,S
785,N,G,N,4118902,367307,S
723,N,GY,N,4118903,367274,S
817,N,GY,N,4118903,367247,S
849,N,GY,N,4118903,367260,S
769,N,G,N,4118903,367266,S
722,N,GY,N,4118904,367278,S
776,N,GY,N,4118904,367290,S
798,N,GY,N,4118904,367306,S
902,N,GY,N,4118905,367239,S
811,N,GY,N,4118905,367250,S
812,N,GY,N,4118905,367253,S
889,N,G,N,4118905,367305,S
718,N,G,N,4118906,367258,S
719,N,GY,N,4118906,367264,S
780,N,G,N,4118906,367296,S
733,N,GY,N,4118907,367308,S
742,N,GY,N,4118907,367317,S
757,N,G,N,4118907,367245,S
758,N,GY,N,4118907,367245,S
850,N,GY,N,4118907,367256,S
862,N,DY,N,4118907,367305,S
765,N,G,N,4118908,367253,S
766,N,DY,N,4118908,367253,S
734,N,GY,N,4118909,367309,S
854,N,DY,N,4118909,367256,S
772,N,DY,N,4118909,367277,S
775,N,G,N,4118909,367277,S
896,N,G,N,4118909,367323,S
884,N,GY,N,4118910,367256,S
869,N,G,N,4118910,367326,S
810,N,GY,N,4118911,367255,S
866,N,DY,N,4118911,367291,S
858,N,GY,N,4118911,367313,S
767,N,GY,N,4118912,367251,S
768,N,G,N,4118912,367251,S
818,N,GY,N,4118912,367262,S
837,N,GY,N,4118912,367323,S
773,N,GY,N,4118913,367294,S
827,N,GY,N,4118913,367295,S
796,N,G,N,4118913,367314,S
828,N,GY,N,4118914,367304,S
830,N,GY,N,4118914,367304,S
760,N,G,N,4118915,367252,S
761,N,GY,N,4118915,367252,S
762,N,G,N,4118915,367252,S
763,N,G,N,4118915,367252,S
764,N,DY,N,4118915,367252,S
861,N,G,N,4118915,367303,S
731,N,G,N,4118916,367281,S
739,N,GY,N,4118916,367317,S
836,N,G,N,4118916,367321,S
735,N,G,N,4118922,367275,S
893,N,GY,N,4118922,367312,S
865,N,DY,N,4118923,367303,S
867,N,GY,N,4118923,367303,S
803,N,GY,N,4118923,367317,S
747,N,Y,N,4118924,367332,S
781,N,GY,N,4118924,367297,S
801,N,GY,N,4118925,367315,S
802,N,DY,N,4118925,367315,S
843,N,GY,N,4118925,367320,S
842,N,GY,N,4118925,367331,S
792,N,DY,N,4118926,367300,S
793,N,GY,N,4118926,367300,S
841,N,GY,N,4118926,367324,S
752,N,G,N,4118927,367332,S
786,N,GY,N,4118927,367306,S
804,N,DY,N,4118927,367317,S
840,N,GY,N,4118927,367317,S
873,N,GY,N,4118927,367325,S
737,N,G,N,4118929,367283,S
746,N,G,N,4118929,367329,S
788,N,DY,N,4118929,367302,S
872,N,DY,N,4118929,367345,S
876,N,GY,N,4118930,367332,S
750,N,GY,N,4118931,367334,S
751,N,GY,N,4118931,367334,S
741,N,GY,N,4118933,367318,S
864,N,DY,N,4118933,367292,S
782,N,DY,N,4118933,367297,S
799,N,GY,N,4118933,367308,S
844,N,GY,N,4118933,367328,S
789,N,DY,N,4118934,367309,S
790,N,G,N,4118934,367309,S
791,N,GY,N,4118934,367309,S
795,N,DY,N,4118934,367309,S
832,N,GY,N,4118935,367316,S
834,N,GY,N,4118935,367316,S
805,N,G,N,4118935,367317,S
748,N,GY,N,4118939,367328,S
878,N,DY,N,4118939,367317,S
871,N,GY,N,4118941,367307,S
901,N,DY,N,4118941,367324,S
874,N,G,N,4118951,367350,S
875,N,GY,N,4118951,367350,S
870,N,G,N,4118958,367308,S
522,N,G,N,4119689,365026,S
534,N,GY,N,4119690,365026,S
557,N,G,N,4119690,365044,S
518,N,GY,N,4119691,365039,S
560,N,DY,N,4119692,365036,S
529,N,GY,N,4119695,365036,S
525,N,GY,N,4119695,365068,S
553,N,DY,N,4119697,365075,S
545,N,GY,N,4119700,365054,S
516,N,GY,N,4119700,365071,S
559,N,GY,N,4119701,365041,S
526,N,GY,N,4119702,365076,S
561,N,DY,N,4119703,365009,S
520,N,Y,N,4119703,365011,S
531,N,GY,N,4119703,365030,S
532,N,DY,N,4119706,365019,S
573,N,GY,N,4119707,365020,S
515,N,DY,N,4119707,365070,S
552,N,GY,N,4119708,365073,S
562,N,DY,N,4119709,365014,S
519,N,GY,N,4119711,365010,S
558,N,GY,N,4119711,365038,S
554,N,GY,N,4119714,365078,S
530,N,GY,N,4119716,365026,S
521,N,G,N,4119718,365004,S
535,N,GY,N,4119719,365000,S
563,N,GY,N,4119719,365023,S
514,N,GY,N,4119724,365094,S
524,N,GY,N,4119727,365069,S
550,N,GY,N,4119733,365077,S
523,N,GY,N,4119738,365095,S
555,N,Y,N,4119741,365062,S
527,N,DY,N,4119745,365047,S
605,N,GY,N,4119804,365856,S
675,N,GY,N,4119807,365847,S
671,N,GY,N,4119807,365876,S
705,N,G,N,4119809,365865,S
698,N,GY,N,4119809,365871,S
650,N,G,N,4119810,365851,S
604,N,DY,N,4119810,365857,S
697,N,GY,N,4119812,365857,S
631,N,DY,N,4119813,365878,S
703,N,GY,N,4119814,365839,S
633,N,DY,N,4119814,365847,S
676,N,G,N,4119814,365865,S
622,N,G,N,4119815,365837,S
632,N,GY,N,4119815,365852,S
606,N,G,N,4119815,365861,S
621,N,GY,N,4119815,365862,S
704,N,GY,N,4119816,365856,S
700,N,G,N,4119819,365839,S
699,N,GY,N,4119819,365845,S
677,N,G,N,4119819,365847,S
710,N,GY,N,4119819,365856,S
707,N,G,N,4119823,365848,S
600,N,GY,N,4119823,365886,S
670,N,GY,N,4119824,365839,S
673,N,G,N,4119824,365873,S
603,N,DY,N,4119826,365876,S
706,N,GY,N,4119828,365861,S
672,N,GY,N,4119830,365848,S
701,N,GY,N,4119830,365860,S
652,N,GY,N,4119831,365847,S
674,N,GY,N,4119831,365851,S
667,N,G,N,4119831,365877,S
669,N,GY,N,4119832,365877,S
647,N,GY,N,4119832,365880,S
619,N,G,N,4119832,365891,S
678,N,GY,N,4119833,365841,S
649,N,GY,N,4119833,365846,S
596,N,G,N,4119833,365883,S
690,N,GY,N,4119834,365874,S
679,N,GY,N,4119836,365835,S
702,N,G,N,4119838,365853,S
695,N,GY,N,4119838,365876,S
597,N,G,N,4119838,365893,S
594,N,G,N,4119838,365903,S
648,N,GY,N,4119839,365856,S
691,N,GY,N,4119839,365878,S
645,N,GY,N,4119839,365887,S
601,N,GY,N,4119839,365891,S
602,N,G,N,4119839,365891,S
646,N,DY,N,4119840,365876,S
658,N,GY,N,4119840,365894,S
659,N,DY,N,4119840,365894,S
660,N,GY,N,4119840,365894,S
664,N,GY,N,4119842,365875,S
595,N,DY,N,4119843,365870,S
599,N,G,N,4119843,365894,S
668,N,G,N,4119844,365874,S
662,N,GY,N,4119844,365880,S
680,N,GY,N,4119844,365912,S
681,N,GY,N,4119844,365912,S
663,N,G,N,4119845,365880,S
598,N,GY,N,4119845,365885,S
641,N,DY,N,4119845,365895,S
666,N,G,N,4119846,365887,S
591,N,GY,N,4119846,365897,S
592,N,G,N,4119846,365897,S
609,N,G,N,4119846,365897,S
610,N,G,N,4119846,365897,S
611,N,GY,N,4119846,365897,S
696,N,DY,N,4119847,365871,S
661,N,GY,N,4119847,365881,S
644,N,GY,N,4119847,365891,S
627,N,GY,N,4119847,365902,S
618,N,G,N,4119848,365879,S
628,N,GY,N,4119848,365886,S
687,N,GY,N,4119848,365905,S
642,N,GY,N,4119849,365897,S
639,N,DY,N,4119853,365881,S
640,N,GY,N,4119853,365881,S
694,N,GY,N,4119853,365885,S
637,N,DY,N,4119854,365890,S
593,N,GY,N,4119854,365895,S
587,N,G,N,4119854,365910,S
590,N,GY,N,4119855,365872,S
617,N,GY,N,4119855,365895,S
630,N,GY,N,4119856,365860,S
638,N,GY,N,4119856,365886,S
683,N,GY,N,4119856,365894,S
588,N,G,N,4119856,365895,S
620,N,G,N,4119857,365879,S
636,N,GY,N,4119857,365895,S
643,N,DY,N,4119857,365907,S
624,N,GY,N,4119858,365886,S
657,N,GY,N,4119859,365875,S
625,N,GY,N,4119859,365898,S
612,N,GY,N,4119860,365878,S
626,N,GY,N,4119861,365887,S
693,N,GY,N,4119863,365888,S
682,N,GY,N,4119863,365893,S
623,N,GY,N,4119864,365890,S
692,N,GY,N,4119865,365883,S
589,N,G,N,4119866,365903,S
608,N,GY,N,4119866,365909,S
685,N,GY,N,4119867,365872,S
686,N,G,N,4119867,365872,S
665,N,GY,N,4119867,365885,S
629,N,GY,N,4119868,365871,S
684,N,GY,N,4119871,365894,S
615,N,GY,N,4119872,365881,S
614,N,G,N,4119872,365894,S
688,N,GY,N,4119872,365895,S
584,N,GY,N,4119878,365892,S
613,N,G,N,4119879,365886,S
616,N,G,N,4119880,365878,S
689,N,GY,N,4119882,365883,S
585,N,GY,N,4119887,365913,S
654,N,GY,N,4119888,365893,S
586,N,G,N,4119903,365892,S
910,N,DY,N,4120105,367669,S
915,N,GY,N,4120111,367678,S
709,N,G,N,4120268,365867,S
226,N,GY,N,4121136,363867,S
275,N,GY,N,4121138,363871,S
225,N,GY,N,4121143,363852,S
201,N,GY,N,4121145,363860,S
277,N,GY,N,4121151,363866,S
255,N,GY,N,4121154,363875,S
183,N,DY,N,4121156,363837,S
224,N,GY,N,4121162,363861,S
253,N,GY,N,4121167,363841,S
254,N,GY,N,4121167,363841,S
181,N,G,N,4121171,363858,S
290,N,GY,N,4121177,363847,S
250,N,DY,N,4121182,363844,S
252,N,GY,N,4121184,363836,S
177,N,G,N,4121185,363824,S
249,N,GY,N,4121185,363829,S
200,N,GY,N,4121186,363851,S
274,N,GY,N,4121187,363827,S
247,N,GY,N,4121188,363846,S
178,N,G,N,4121190,363850,S
251,N,GY,N,4121191,363879,S
208,N,GY,N,4121196,363818,S
195,N,GY,N,4121197,363818,S
219,N,GY,N,4121197,363825,S
280,N,DY,N,4121197,363856,S
199,N,DY,N,4121199,363820,S
234,N,G,N,4121200,363819,S
223,N,GY,N,4121200,363839,S
244,N,GY,N,4121201,363815,S
242,N,GY,N,4121201,363821,S
210,N,Y,N,4121203,363842,S
246,N,G,N,4121204,363841,S
262,N,GY,N,4121206,363822,S
263,N,GY,N,4121206,363822,S
193,N,GY,N,4121208,363814,S
194,N,GY,N,4121208,363814,S
173,N,GY,N,4121208,363820,S
185,N,GY,N,4121210,363811,S
191,N,GY,N,4121210,363827,S
174,N,GY,N,4121211,363832,S
209,N,GY,N,4121212,363843,S
190,N,GY,N,4121214,363822,S
237,N,GY,N,4121214,363832,S
197,N,GY,N,4121215,363827,S
172,N,GY,N,4121215,363833,S
266,N,GY,N,4121215,363843,S
227,N,GY,N,4121217,363836,S
207,N,DY,N,4121218,363829,S
232,N,DY,N,4121218,363836,S
175,N,GY,N,4121218,363839,S
203,N,GY,N,4121219,363814,S
213,N,GY,N,4121220,363795,S
264,N,GY,N,4121221,363842,S
216,N,DY,N,4121223,363795,S
258,N,GY,N,4121223,363822,S
220,N,GY,N,4121223,363826,S
217,N,GY,N,4121225,363812,S
214,N,DY,N,4121225,363826,S
257,N,GY,N,4121225,363833,S
206,N,DY,N,4121226,363822,S
229,N,GY,N,4121230,363830,S
205,N,GY,N,4121234,363812,S
260,N,GY,N,4121234,363821,S
231,N,GY,N,4121235,363829,S
186,N,GY,N,4121237,363825,S
269,N,GY,N,4121239,363834,S
261,N,GY,N,4121241,363834,S
238,N,GY,N,4121254,363848,S
165,N,GY,N,4121337,363208,S
93,N,DY,N,4121348,363197,S
53,N,G,N,4121360,363181,S
40,N,GY,N,4121363,363174,S
96,N,DY,N,4121369,363202,S
92,N,GY,N,4121370,363185,S
97,N,DY,N,4121371,363196,S
54,N,GY,N,4121372,363205,S
41,N,GY,N,4121374,363210,S
82,N,DY,N,4121375,363163,S
162,N,GY,N,4121375,363174,S
98,N,DY,N,4121375,363228,S
91,N,G,N,4121376,363176,S
37,N,GY,N,4121376,363182,S
85,N,DY,N,4121377,363164,S
90,N,GY,N,4121377,363173,S
133,N,G,N,4121378,363176,S
129,N,DY,N,4121379,363181,S
38,N,GY,N,4121379,363190,S
132,N,GY,N,4121380,363175,S
20,N,G,N,4121380,363183,S
134,N,GY,N,4121380,363215,S
13,N,DY,N,4121381,363164,S
128,N,GY,N,4121381,363175,S
83,N,GY,N,4121381,363178,S
35,N,GY,N,4121382,363161,S
163,N,G,N,4121382,363188,S
157,N,GY,N,4121383,363172,S
36,N,GY,N,4121385,363184,S
39,N,GY,N,4121385,363189,S
159,N,GY,N,4121386,363176,S
21,N,GY,N,4121387,363214,S
16,N,G,N,4121388,363173,S
161,N,G,N,4121389,363176,S
127,N,GY,N,4121389,363183,S
160,N,G,N,4121390,363185,S
153,N,G,N,4121391,363159,S
122,N,GY,N,4121392,363175,S
125,N,GY,N,4121392,363177,S
126,N,GY,N,4121392,363178,S
32,N,GY,N,4121393,363171,S
89,N,DY,N,4121393,363184,S
124,N,GY,N,4121394,363177,S
14,N,G,N,4121394,363179,S
79,N,GY,N,4121395,363161,S
80,N,GY,N,4121395,363196,S
42,N,GY,N,4121396,363153,S
156,N,G,N,4121397,363175,S
168,N,GY,N,4121397,363182,S
151,N,GY,N,4121398,363162,S
19,N,G,N,4121399,363178,S
152,N,GY,N,4121400,363154,S
51,N,GY,N,4121400,363187,S
47,N,GY,N,4121401,363148,S
121,N,GY,N,4121401,363174,S
52,N,GY,N,4121402,363186,S
118,N,GY,N,4121403,363166,S
130,N,GY,N,4121403,363217,S
155,N,GY,N,4121404,363176,S
15,N,GY,N,4121404,363184,S
123,N,GY,N,4121404,363184,S
84,N,DY,N,4121404,363185,S
48,N,GY,N,4121405,363127,S
33,N,G,N,4121405,363171,S
119,N,GY,N,4121405,363180,S
116,N,GY,N,4121406,363165,S
72,N,DY,N,4121407,363163,S
147,N,GY,N,4121408,363145,S
70,N,GY,N,4121408,363159,S
71,N,DY,N,4121408,363159,S
154,N,GY,N,4121408,363194,S
9,N,G,N,4121409,363165,S
81,N,Y,N,4121410,363175,S
164,N,GY,N,4121410,363211,S
49,N,DY,N,4121411,363166,S
55,N,GY,N,4121411,363190,S
115,N,GY,N,4121412,363171,S
31,N,GY,N,4121412,363183,S
150,N,G,N,4121413,363184,S
75,N,GY,N,4121414,363160,S
76,N,GY,N,4121414,363160,S
78,N,G,N,4121414,363160,S
68,N,G,N,4121414,363170,S
10,N,G,N,4121415,363173,S
113,N,GY,N,4121416,363173,S
114,N,GY,N,4121417,363165,S
144,N,GY,N,4121418,363124,S
141,N,GY,N,4121418,363137,S
29,N,G,N,4121418,363151,S
30,N,GY,N,4121418,363162,S
148,N,G,N,4121418,363168,S
120,N,GY,N,4121418,363170,S
111,N,GY,N,4121418,363172,S
77,N,GY,N,4121418,363177,S
2,N,G,N,4121419,363143,S
65,N,GY,N,4121419,363151,S
6,N,GY,N,4121419,363173,S
12,N,G,N,4121421,363171,S
28,N,GY,N,4121422,363159,S
44,N,GY,N,4121422,363173,S
110,N,DY,N,4121423,363129,S
109,N,GY,N,4121423,363158,S
26,N,DY,N,4121423,363165,S
27,N,GY,N,4121423,363168,S
117,N,GY,N,4121424,363173,S
67,N,GY,N,4121426,363161,S
69,N,GY,N,4121427,363178,S
11,N,G,N,4121428,363172,S
145,N,GY,N,4121429,363141,S
23,N,GY,N,4121429,363142,S
73,N,GY,N,4121429,363169,S
112,N,GY,N,4121430,363155,S
146,N,GY,N,4121431,363136,S
8,N,G,N,4121431,363144,S
22,N,G,N,4121431,363146,S
24,N,DY,N,4121431,363146,S
45,N,DY,N,4121432,363149,S
46,N,DY,N,4121432,363149,S
149,N,GY,N,4121433,363169,S
64,N,DY,N,4121434,363135,S
107,N,GY,N,4121434,363156,S
5,N,G,N,4121435,363170,S
59,N,GY,N,4121436,363153,S
138,N,GY,N,4121437,363132,S
66,N,DY,N,4121437,363146,S
62,N,GY,N,4121440,363172,S
63,N,DY,N,4121440,363172,S
1,N,G,N,4121441,363146,S
25,N,G,N,4121441,363150,S
108,N,GY,N,4121443,363165,S
140,N,GY,N,4121444,363153,S
3,N,G,N,4121445,363142,S
103,N,GY,N,4121445,363153,S
104,N,GY,N,4121445,363153,S
4,N,G,N,4121445,363162,S
105,N,GY,N,4121446,363153,S
57,N,G,N,4121448,363155,S
60,N,GY,N,4121449,363110,S
43,N,GY,N,4121453,363190,S
56,N,G,N,4121464,363169,S
417,N,Y,Y,4117860,365099,F
418,N,Y,Y,4117860,365099,F
466,N,GY,Y,4117862,365016,F
467,N,GY,Y,4117869,365046,F
474,N,GY,Y,4117879,365059,F
391,N,Y,Y,4117883,365068,F
340,N,GY,Y,4117887,365076,F
430,N,GY,Y,4117889,365046,F
462,N,G,Y,4117895,365005,F
376,N,DY,Y,4117896,365045,F
328,N,DY,Y,4117902,365029,F
484,N,GY,Y,4117902,365089,F
483,N,GY,Y,4117906,365087,F
432,N,DY,Y,4117912,365043,F
353,N,DY,Y,4117913,365075,F
308,N,DY,Y,4117913,365100,F
477,N,GY,Y,4117914,365048,F
446,N,DY,Y,4117915,365063,F
388,N,DY,Y,4117918,365049,F
882,N,Y,Y,4118880,367272,F
814,N,Y,Y,4118890,367264,F
822,N,Y,Y,4118895,367305,F
886,N,G,Y,4118897,367287,F
880,N,Y,Y,4118898,367243,F
725,N,GY,Y,4118904,367270,F
881,N,Y,Y,4118904,367254,F
824,N,DY,Y,4118904,367294,F
826,N,GY,Y,4118905,367293,F
847,N,GY,Y,4118906,367258,F
819,N,Y,Y,4118907,367244,F
855,N,DY,Y,4118907,367258,F
745,N,Y,Y,4118911,367341,F
770,N,Y,Y,4118913,367262,F
859,N,DY,Y,4118914,367301,F
717,N,Y,Y,4118916,367241,F
891,N,G,Y,4118919,367303,F
895,N,DY,Y,4118919,367322,F
863,N,DY,Y,4118924,367292,F
899,N,GY,Y,4118924,367331,F
743,N,Y,Y,4118927,367307,F
838,N,GY,Y,4118927,367311,F
807,N,G,Y,4118928,367314,F
800,N,GY,Y,4118928,367320,F
892,N,GY,Y,4118929,367308,F
740,N,Y,Y,4118931,367316,F
833,N,Y,Y,4118935,367316,F
905,N,GY,Y,4118939,367336,F
749,N,DY,Y,4118940,367313,F
900,N,GY,Y,4118941,367324,F
574,N,GY,Y,4119670,365028,F
572,N,GY,Y,4119701,365053,F
528,N,GY,Y,4119755,365051,F
607,N,GY,Y,4119867,365916,F
635,N,DY,Y,4119877,365900,F
655,N,GY,Y,4119880,365905,F
656,N,GY,Y,4119882,365905,F
860,N,Y,Y,4119915,367304,F
634,N,DY,Y,4120070,365973,F
180,N,G,Y,4121104,363832,F
179,N,DY,Y,4121160,363830,F
182,N,DY,Y,4121160,363838,F
283,N,GY,Y,4121163,363863,F
248,N,GY,Y,4121186,363833,F
270,N,DY,Y,4121188,363835,F
282,N,GY,Y,4121191,363857,F
221,N,DY,Y,4121195,363834,F
176,N,GY,Y,4121196,363821,F
188,N,DY,Y,4121197,363809,F
198,N,DY,Y,4121197,363818,F
218,N,GY,Y,4121200,363818,F
241,N,DY,Y,4121201,363821,F
272,N,GY,Y,4121201,363847,F
243,N,DY,Y,4121207,363824,F
211,N,DY,Y,4121208,363847,F
233,N,DY,Y,4121210,363828,F
230,N,DY,Y,4121213,363798,F
189,N,GY,Y,4121214,363822,F
286,N,GY,Y,4121216,363834,F
196,N,DY,Y,4121217,363822,F
268,N,GY,Y,4121219,363817,F
239,N,DY,Y,4121220,363891,F
171,N,GY,Y,4121224,363804,F
94,N,DY,Y,4121338,363173,F
135,N,GY,Y,4121357,363194,F
99,N,DY,Y,4121357,363203,F
167,N,GY,Y,4121360,363189,F
86,N,DY,Y,4121377,363164,F
158,N,GY,Y,4121389,363160,F
17,N,GY,Y,4121397,363192,F
87,N,Y,Y,4121399,363181,F
50,N,GY,Y,4121400,363187,F
74,N,GY,Y,4121407,363163,F
131,N,GY,Y,4121417,363228,F
7,N,DY,Y,4121419,363173,F
142,N,DY,Y,4121427,363149,F
498,Very faint,DY,N,4117884,365017,M
106,Very faint pads,DY,N,4121418,363130,M
473,Y,Y,N,4117861,365063,M
476,Y,Y,N,4117874,365065,M
427,Y,Y,N,4117881,365039,M
475,Y,Y,N,4117887,365068,M
459,Y,Y,N,4117891,365096,M
478,Y,DY,N,4117894,365065,M
378,Y,DY,N,4117902,365027,M
401,Y,Y,N,4117903,365075,M
334,Y,DY,N,4117904,365044,M
482,Y,Y,N,4117906,365087,M
485,Y,DY,N,4117906,365088,M
449,Y,Y,N,4117909,365086,M
490,Y,Y,N,4117911,365089,M
346,Y,Y,N,4117913,365057,M
438,Y,Y,N,4117918,365053,M
457,Y,Y,N,4117923,365088,M
721,Y,Y,N,4118721,367261,M
808,Y,Y,N,4118880,367252,M
712,Y,Y,N,4118882,367230,M
816,Y,Y,N,4118885,367260,M
815,Y,Y,N,4118890,367264,M
728,Y,Y,N,4118893,367294,M
787,Y,Y,N,4118899,367299,M
820,Y,Y,N,4118900,367288,M
885,Y,Y,N,4118901,367293,M
797,Y,Y,N,4118904,367306,M
821,Y,Y,N,4118905,367272,M
887,Y,DY,N,4118905,367290,M
825,Y,Y,N,4118905,367293,M
848,Y,Y,N,4118907,367256,M
823,Y,Y,N,4118908,367308,M
853,Y,Y,N,4118909,367256,M
857,Y,Y,N,4118909,367287,M
897,Y,DY,N,4118909,367319,M
738,Y,Y,N,4118910,367302,M
831,Y,Y,N,4118911,367381,M
732,Y,Y,N,4118913,367279,M
829,Y,Y,N,4118913,367295,M
903,Y,Y,N,4118917,367255,M
736,Y,Y,N,4118918,367298,M
724,Y,Y,N,4118919,367273,M
894,Y,Y,N,4118919,367322,M
890,Y,Y,N,4118924,367281,M
783,Y,Y,N,4118924,367299,M
898,Y,Y,N,4118924,367332,M
744,Y,Y,N,4118927,367307,M
839,Y,Y,N,4118927,367317,M
806,Y,Y,N,4118927,367326,M
835,Y,Y,N,4118928,367311,M
906,Y,GY,N,4118928,367315,M
730,Y,Y,N,4118931,367285,M
794,Y,Y,N,4118934,367309,M
877,Y,DY,N,4118939,367317,M
904,Y,Y,N,4118952,367319,M
533,Y,DY,N,4119697,365006,M
546,Y,Y,N,4119705,365050,M
517,Y,DY,N,4119708,365057,M
549,Y,Y,N,4119709,365087,M
556,Y,Y,N,4119717,365046,M
570,Y,Y,N,4119717,365075,M
551,Y,Y,N,4119719,365076,M
543,Y,Y,N,4119721,365062,M
544,Y,Y,N,4119731,365074,M
571,Y,DY,N,4119742,365053,M
568,Y,Y,N,4119749,365101,M
569,Y,DY,N,4119752,365088,M
581,Y,DY,N,4119753,365112,M
513,Y,Y,N,4119765,365091,M
651,Y,Y,N,4119810,365851,M
914,Y,Y,N,4120097,367676,M
711,Y,DY,N,4120163,365947,M
708,Y,DY,N,4120270,365853,M
276,Y,GY,N,4121138,363871,M
284,Y,Y,N,4121176,363858,M
245,Y,Y,N,4121187,363835,M
273,Y,DY,N,4121202,363838,M
222,Y,Y,N,4121207,363846,M
240,Y,DY,N,4121208,363815,M
287,Y,Y,N,4121209,363814,M
192,Y,Y,N,4121210,363827,M
271,Y,Y,N,4121210,363846,M
215,Y,Y,N,4121212,363831,M
265,Y,Y,N,4121215,363831,M
285,Y,Y,N,4121216,363847,M
187,Y,Y,N,4121218,363832,M
204,Y,Y,N,4121219,363814,M
235,Y,Y,N,4121221,363807,M
236,Y,Y,N,4121221,363807,M
267,Y,DY,N,4121227,363813,M
184,Y,Y,N,4121228,363828,M
228,Y,Y,N,4121233,363828,M
259,Y,GY,N,4121234,363821,M
256,Y,Y,N,4121237,363822,M
100,Y,Y,N,4121355,363199,M
166,Y,DY,N,4121358,363204,M
169,Y,Y,N,4121372,363184,M
95,Y,Y,N,4121374,363193,M
18,Y,Y,N,4121392,363184,M
88,Y,Y,N,4121407,363202,M
139,Y,Y,N,4121425,363153,M
143,Y,DY,N,4121434,363143,M
58,Y,Y,N,4121436,363153,M
61,Y,Y,N,4121448,363146,M